easyqdaFormat,ts,user,action,codeId,code,selectionId,annotationKey,citekey,creator,year,title,pageLabel,text
collection-history/1,2026-08-05T09:30:00.000Z,Beispiel,text,1A2B3C4D-5E6F-5A7B-8C9D-0E1F2A3B4C5D,Beispiel,1A2B3C4D-5E6F-5A7B-8C9D-0E1F2A3B4C5D,1A2B3C4D-5E6F-5A7B-8C9D-0E1F2A3B4C5D,Beispiel,Beispiel,Beispiel,Beispiel,Beispiel,Beispiel
collection-history/1,2026-08-05T09:30:00.000Z,"Er sagte: ""Ja, wirklich""
und ging; danach nichts.",pdf,9F8E7D6C-5B4A-5390-8271-6F5E4D3C2B1A,"Er sagte: ""Ja, wirklich""
und ging; danach nichts.",9F8E7D6C-5B4A-5390-8271-6F5E4D3C2B1A,9F8E7D6C-5B4A-5390-8271-6F5E4D3C2B1A,"Er sagte: ""Ja, wirklich""
und ging; danach nichts.","Er sagte: ""Ja, wirklich""
und ging; danach nichts.","Er sagte: ""Ja, wirklich""
und ging; danach nichts.","Er sagte: ""Ja, wirklich""
und ging; danach nichts.","Er sagte: ""Ja, wirklich""
und ging; danach nichts.","Er sagte: ""Ja, wirklich""
und ging; danach nichts."
