zotqdaFormat,ts,user,action,code,annotationKey,citekey,creator,year,title,pageLabel,text
history/1,2026-08-05T09:30:00.000Z,Beispiel,highlight,Belastung,cX1y2z3a4,Beispiel,Beispiel,Beispiel,Beispiel,Beispiel,Beispiel
history/1,2026-08-05T09:30:00.000Z,"Er sagte: ""Ja, wirklich""
und ging; danach nichts.",highlight,"Belastung/beruflich, akut",cQ9w8e7r6,"Er sagte: ""Ja, wirklich""
und ging; danach nichts.","Er sagte: ""Ja, wirklich""
und ging; danach nichts.","Er sagte: ""Ja, wirklich""
und ging; danach nichts.","Er sagte: ""Ja, wirklich""
und ging; danach nichts.","Er sagte: ""Ja, wirklich""
und ging; danach nichts.","Er sagte: ""Ja, wirklich""
und ging; danach nichts."
